{
    "PSNR_cond": 38.80802204663103,
    "SSIM_cond": 0.9959279980341141,
    "LPIPS_cond": 0.004995806326323046,
    "PSNR_novel": 23.99911901232195,
    "SSIM_novel": 0.9228418278148893,
    "LPIPS_novel": 0.07703167235639391
}